Country Name,Series Name,1968 [YR1968],1969 [YR1969],1970 [YR1970],1971 [YR1971],1972 [YR1972],1973 [YR1973],1974 [YR1974],1975 [YR1975],1976 [YR1976],1977 [YR1977],1978 [YR1978],1979 [YR1979],1980 [YR1980],1981 [YR1981],1982 [YR1982],1983 [YR1983],1984 [YR1984],1985 [YR1985],1986 [YR1986],1987 [YR1987],1988 [YR1988],1989 [YR1989],1990 [YR1990],1991 [YR1991],1992 [YR1992],1993 [YR1993],1994 [YR1994],1995 [YR1995],1996 [YR1996],1997 [YR1997],1998 [YR1998],1999 [YR1999],2000 [YR2000],2001 [YR2001],2002 [YR2002],2003 [YR2003],2004 [YR2004],2005 [YR2005],2006 [YR2006],2007 [YR2007],2008 [YR2008],2009 [YR2009],2010 [YR2010],2011 [YR2011],2012 [YR2012],2013 [YR2013],2014 [YR2014],2015 [YR2015],2016 [YR2016],2017 [YR2017]
Australia,Bank net interest margin (%),..,..,..,..,..,..,..,..,..,..,..,..,..,..,..,..,..,..,..,..,..,..,..,..,..,..,..,..,2.53472,1.29863,1.65587,1.64242,2.53805,1.78696,1.43758,1.15076,0.587955,3.46279,3.31643,2.26354,2.02112,2.02675,2.05262,2.09154,1.89526,1.90372,1.9746,1.56644,1.80338,1.97448
Australia,Bank noninterest income to total income (%),..,..,..,..,..,..,..,..,..,..,..,..,..,..,..,..,..,..,..,..,..,..,..,..,..,..,..,..,44.3417,55.5129,58.7938,36.8034,33.9036,41.5184,41.0999,35.1132,48.356,50.6558,28.4888,30.6376,28.9228,26.1631,26.0301,20.501,23.2766,23.5467,24.0656,33.1483,28.73,26.5125
Australia,Bank overhead costs to total assets (%),..,..,..,..,..,..,..,..,..,..,..,..,..,..,..,..,..,..,..,..,..,..,..,..,..,..,..,..,2.20674,1.49294,2.1206,1.1428,2.18396,2.77791,1.05554,0.759045,0.307886,3.7327,1.97739,1.41043,1.19409,1.13256,1.12499,1.0881,0.996369,0.939389,0.964499,0.860656,0.967587,1.07254
Australia,"Bank return on assets (%, after tax)",..,..,..,..,..,..,..,..,..,..,..,..,..,..,..,..,..,..,..,..,..,..,..,..,..,..,..,..,1.19996,0.709659,0.791703,0.375963,0.085924,-0.444145,0.424291,1.13837,0.491333,2.07944,1.70453,1.16912,0.862511,0.610276,0.910665,0.938368,0.795155,0.813798,0.883372,0.776517,0.603833,0.83995
Australia,"Bank return on equity (%, after tax)",..,..,..,..,..,..,..,..,..,..,..,..,..,..,..,..,..,..,..,..,..,..,..,..,..,..,..,..,14.7673,8.27531,9.35072,4.64173,1.30113,-8.43846,7.47616,16.2374,10.3121,29.9883,25.2568,17.9943,13.7556,9.47131,13.1306,14.1008,12.497,12.9976,14.4545,12.8385,9.58366,12.5435
Australia,Bank Z-score,..,..,..,..,..,..,..,..,..,..,..,..,..,..,..,..,..,..,..,..,..,..,..,..,..,..,..,..,20.1483,18.8621,18.9364,16.4472,11.26,9.55324,13.9826,18.2232,5.68472,18.7712,17.0624,15.547,14.3726,15.5613,16.075,15.0909,14.5669,14.4081,14.1468,14.0687,14.9753,15.4924
Australia,Boone indicator,..,..,..,..,..,..,..,..,..,..,..,..,..,..,..,..,..,..,..,..,..,..,..,..,..,..,..,..,..,..,..,-0.034841,-0.063474,0.053257,-0.11695,-0.090137,-0.177284,0,-0.251955,-0.014735,0.129663,0.175204,0.049604,0.276057,..,..,..,..,..,..
Australia,Debit card (% age 15+),..,..,..,..,..,..,..,..,..,..,..,..,..,..,..,..,..,..,..,..,..,..,..,..,..,..,..,..,..,..,..,..,..,..,..,..,..,..,..,..,..,..,..,79.0544,..,..,88.8693,..,..,89.9606
Australia,Credit card (% age 15+),..,..,..,..,..,..,..,..,..,..,..,..,..,..,..,..,..,..,..,..,..,..,..,..,..,..,..,..,..,..,..,..,..,..,..,..,..,..,..,..,..,..,..,64.2305,..,..,58.556,..,..,59.686
Australia,Domestic credit to private sector (% of GDP),24.032,24.8581,23.3117,23.6496,24.7044,28.4066,27.8985,27.3756,27.8902,27.4198,28.0846,28.6913,27.8804,27.9645,27.0838,28.8264,30.3583,37.1068,40.3886,42.8727,46.8128,59.3757,60.6834,60.2392,61.9842,63.4009,66.8929,69.9542,71.6824,75.5051,79.2644,84.2803,87.7358,88.6518,91.4829,99.4006,102.975,108.794,113.961,120.781,121.953,122.633,125.496,122.335,121.284,124.782,128.507,136.335,142.284,140.122
Australia,Nonbank financial institutions’ assets to GDP (%),..,..,..,..,..,..,..,..,..,..,..,..,..,..,..,..,..,..,..,..,..,..,..,..,..,..,..,..,..,..,..,..,..,..,..,..,..,..,..,12.8708,12.0822,10.6855,8.83532,8.03333,7.46842,6.97279,6.68101,6.54032,6.47532,6.61306
Australia,Bank non-performing loans to gross loans (%),..,..,..,..,..,..,..,..,..,..,..,..,..,..,..,..,..,..,..,..,..,..,..,..,..,..,..,..,..,..,0.7,0.6,0.5,0.6,0.4,0.3,0.2,0.6,0.6,0.6,1.3,2,2.149,1.968,1.747,1.399,1.047,0.924133,0.979104,0.888945
Australia,Bank cost to income ratio (%),..,..,..,..,..,..,..,..,..,..,..,..,..,..,..,..,..,..,..,..,..,..,..,..,..,..,..,..,52.9598,55.6494,59.2654,48.3882,63.1301,101.554,50.9938,56.0969,34.1872,58.5258,46.1886,46.9723,45.7686,44.7773,43.4458,44.1541,43.9497,42.6951,43.0194,43.2553,45.2249,44.4967
Australia,Bank concentration (%),..,..,..,..,..,..,..,..,..,..,..,..,..,..,..,..,..,..,..,..,..,..,..,..,..,..,..,..,45.0188,52.5623,58.2313,63.7591,68.2075,74.3444,97.1048,100,..,82.0435,62.1859,60.6316,63.0699,64.6994,68.0337,68.6319,70.8965,71.0814,70.8746,71.2288,70.7323,70.9691
Australia,"Bank branches per 100,000 adults",..,..,..,..,..,..,..,..,..,..,..,..,..,..,..,..,..,..,..,..,..,..,..,..,..,..,..,..,..,..,..,..,..,..,..,..,30.6643,30.641,31.2382,31.6687,31.563,31.2111,30.7473,30.4056,30.9271,30.1204,29.1434,28.7323,27.7228,29.6119
Austria,Bank net interest margin (%),..,..,..,..,..,..,..,..,..,..,..,..,..,..,..,..,..,..,..,..,..,..,..,..,..,..,..,..,1.74219,1.56917,1.7404,1.44526,1.7193,1.54315,1.70639,1.7219,2.02259,1.82351,2.14506,2.50148,2.80552,2.04955,1.95951,1.87837,2.24187,2.11386,2.08546,1.25001,1.24206,2.2656
Austria,Bank noninterest income to total income (%),..,..,..,..,..,..,..,..,..,..,..,..,..,..,..,..,..,..,..,..,..,..,..,..,..,..,..,..,30.4449,31.5347,30.2394,29.9729,39.9238,41.737,38.3187,41.4517,38.92,42.0329,44.5641,39.6974,32.2972,37.6693,37.1952,36.8921,36.6589,38.2402,35.4287,58.185,45.036,45.1345
Austria,Bank overhead costs to total assets (%),..,..,..,..,..,..,..,..,..,..,..,..,..,..,..,..,..,..,..,..,..,..,..,..,..,..,..,..,1.64578,1.4701,1.49833,1.26827,1.66101,1.69888,1.7733,1.84129,2.04416,1.82921,2.09612,2.21295,2.04369,1.53052,1.68159,1.64881,2.15575,2.36642,1.73872,1.7656,1.51207,2.42732
Austria,"Bank return on assets (%, after tax)",..,..,..,..,..,..,..,..,..,..,..,..,..,..,..,..,..,..,..,..,..,..,..,..,..,..,..,..,0.265534,0.383066,0.412715,0.475853,0.5787,0.309691,0.301582,0.41566,0.586993,0.639797,1.65867,1.13077,0.359597,0.336186,0.375554,0.263608,0.357009,-0.062006,0.361,0.529091,0.378143,0.859531
Austria,"Bank return on equity (%, after tax)",..,..,..,..,..,..,..,..,..,..,..,..,..,..,..,..,..,..,..,..,..,..,..,..,..,..,..,..,5.91903,8.10174,8.63534,10.2534,13.8,7.84414,7.49727,9.15104,11.4584,11.8646,26.2986,14.6174,4.76083,4.38046,4.62758,3.52901,4.73141,-0.787413,4.65855,6.91683,4.71456,10.6858
Austria,Bank Z-score,..,..,..,..,..,..,..,..,..,..,..,..,..,..,..,..,..,..,..,..,..,..,..,..,..,..,..,..,14.295,15.5367,15.0524,14.9308,13.1391,12.7928,12.7366,15.9463,17.1258,18.2958,25.3462,27.8362,21.4665,26.3785,23.5766,22.3781,23.8753,23.4546,23.0458,24.7955,25.5993,26.1376
Austria,Boone indicator,..,..,..,..,..,..,..,..,..,..,..,..,..,..,..,..,..,..,..,..,..,..,..,..,..,..,..,..,..,..,..,-0.061372,-0.028465,-0.022966,-0.028484,-0.03804,-0.029681,-0.03337,-0.020977,-0.023382,0.002133,0.005325,-0.000799,-0.011321,-0.010371,0.011074,-0.022953,..,..,..
Austria,Debit card (% age 15+),..,..,..,..,..,..,..,..,..,..,..,..,..,..,..,..,..,..,..,..,..,..,..,..,..,..,..,..,..,..,..,..,..,..,..,..,..,..,..,..,..,..,..,86.7721,..,..,81.5646,..,..,90.222
Austria,Credit card (% age 15+),..,..,..,..,..,..,..,..,..,..,..,..,..,..,..,..,..,..,..,..,..,..,..,..,..,..,..,..,..,..,..,..,..,..,..,..,..,..,..,..,..,..,..,38.9183,..,..,40.169,..,..,46.5506
Austria,Domestic credit to private sector (% of GDP),42.0159,44.2726,44.8108,47.4311,50.0851,49.0171,49.7839,51.8399,57.2918,60.0264,64.221,68.89,71.2172,74.4886,73.8735,74.2664,72.443,80.437,76.3312,78.641,82.2877,85.7093,89.1437,89.9407,90.4524,91.3758,89.9529,91.9334,94.8424,100.183,..,97.3147,100.348,89.7134,88.5215,87.8064,87.7658,94.3241,94.4376,92.9199,95.813,97.7396,98.5283,96.0611,94.2238,92.5578,87.5556,85.8939,83.4971,84.027
Austria,Nonbank financial institutions’ assets to GDP (%),..,..,..,..,..,..,..,..,..,..,..,..,..,..,..,..,..,..,..,..,..,..,..,..,..,..,..,..,..,..,..,..,..,..,..,..,..,..,..,..,..,..,..,..,..,..,..,..,..,..
Austria,Bank non-performing loans to gross loans (%),..,..,..,..,..,..,..,..,..,..,..,..,..,..,..,..,..,..,..,..,..,..,..,..,..,..,..,..,..,..,2.6,1.7,2.4,..,3,3,2.7,2.6,2.7,2.2,1.9,2.3,2.83072,2.70682,2.81337,2.86654,3.47337,3.39284,2.69522,2.3689
Austria,Bank cost to income ratio (%),..,..,..,..,..,..,..,..,..,..,..,..,..,..,..,..,..,..,..,..,..,..,..,..,..,..,..,..,67.7128,66.4889,61.3333,62.9645,59.8167,66.7521,67.1857,65.5357,63.9493,60.7197,56.8133,56.8549,57.101,57.0777,57.7735,59.4642,64.9418,74.0711,58.487,64.1634,74.9461,65.1552
Austria,Bank concentration (%),..,..,..,..,..,..,..,..,..,..,..,..,..,..,..,..,..,..,..,..,..,..,..,..,..,..,..,..,83.5855,85.0527,85.0239,86.1924,87.9001,88.3676,87.1292,85.898,80.7922,80.1596,77.2086,78.0571,68.3028,64.8417,69.3202,70.0001,73.4099,71.5213,70.1253,60.4178,55.3886,62.4959
Austria,"Bank branches per 100,000 adults",..,..,..,..,..,..,..,..,..,..,..,..,..,..,..,..,..,..,..,..,..,..,..,..,..,..,..,..,..,..,..,..,..,..,..,..,13.9282,13.3214,13.0933,12.8815,12.57,11.7648,11.2862,15.1264,15.9733,15.5435,14.8354,13.7962,12.6447,12.0405
Indonesia,Bank net interest margin (%),..,..,..,..,..,..,..,..,..,..,..,..,..,..,..,..,..,..,..,..,..,..,..,..,..,..,..,..,3.59787,2.4612,1.39528,6.06771,4.89915,3.7278,4.47159,5.26788,5.87849,5.84656,6.41362,6.09196,5.61452,6.59617,6.84233,6.24487,5.84187,5.23166,5.67866,5.70185,6.39136,6.02832
Indonesia,Bank noninterest income to total income (%),..,..,..,..,..,..,..,..,..,..,..,..,..,..,..,..,..,..,..,..,..,..,..,..,..,..,..,..,24.0408,50.8872,43.8082,22.4188,37.6885,27.7977,25.8647,25.8879,24.1626,20.6866,20.0384,21.2389,21.8497,22.5698,24.2235,23.568,23.1785,22.9645,22.0517,22.642,22.6239,26.2134
Indonesia,Bank overhead costs to total assets (%),..,..,..,..,..,..,..,..,..,..,..,..,..,..,..,..,..,..,..,..,..,..,..,..,..,..,..,..,2.63991,3.092,5.99324,4.25437,2.55903,2.23358,2.93063,3.23766,3.30746,3.53847,3.60657,3.54513,3.29061,3.77804,3.70679,3.38019,3.24835,2.94007,3.13986,3.05686,3.24244,3.25652
Indonesia,"Bank return on assets (%, after tax)",..,..,..,..,..,..,..,..,..,..,..,..,..,..,..,..,..,..,..,..,..,..,..,..,..,..,..,..,1.10668,-0.32061,-29.1169,-12.9335,0.44013,0.834486,1.39106,1.76938,2.34974,1.5844,1.71629,1.68499,1.13412,1.8993,2.26204,2.26714,2.31078,2.12799,2.15596,1.75185,1.71782,1.9094
Indonesia,"Bank return on equity (%, after tax)",..,..,..,..,..,..,..,..,..,..,..,..,..,..,..,..,..,..,..,..,..,..,..,..,..,..,..,..,15.9711,5.63492,0.710718,-211.443,9.0388,20.4229,19.7174,21.1325,24.638,16.2138,17.3914,16.6525,15.4973,19.4481,21.473,20.0579,19.5481,17.581,17.3538,13.3527,11.9252,12.7907
Indonesia,Bank Z-score,..,..,..,..,..,..,..,..,..,..,..,..,..,..,..,..,..,..,..,..,..,..,..,..,..,..,..,..,3.08383,2.50283,3.41811,..,2.57067,2.90903,3.35941,3.97673,4.59884,4.09562,4.40237,4.34488,4.03024,4.45934,4.84771,5.16267,5.27126,5.3283,5.44198,5.73246,6.17593,6.22701
Indonesia,Boone indicator,..,..,..,..,..,..,..,..,..,..,..,..,..,..,..,..,..,..,..,..,..,..,..,..,..,..,..,..,..,..,..,..,0.016833,0.022854,0.011038,0.013623,0.022086,0.022414,0.018497,0.022779,0.037015,0.026289,0.027036,0.0294,0.035446,0.02845,0.033164,..,..,..
Indonesia,Debit card (% age 15+),..,..,..,..,..,..,..,..,..,..,..,..,..,..,..,..,..,..,..,..,..,..,..,..,..,..,..,..,..,..,..,..,..,..,..,..,..,..,..,..,..,..,..,10.5394,..,..,25.9448,..,..,30.8111
Indonesia,Credit card (% age 15+),..,..,..,..,..,..,..,..,..,..,..,..,..,..,..,..,..,..,..,..,..,..,..,..,..,..,..,..,..,..,..,..,..,..,..,..,..,..,..,..,..,..,..,0.495668,..,..,1.59536,..,..,2.43947
Indonesia,Domestic credit to private sector (% of GDP),..,..,..,..,..,..,..,..,..,..,..,..,9.68054,11.5364,14.888,15.5838,17.7795,20.1739,23.603,25.0942,29.8988,37.1793,51.839,51.9233,49.4727,48.9815,51.9353,53.5264,55.4656,60.8489,53.2379,20.5928,19.9085,20.2905,21.2767,22.9497,26.3925,26.4279,24.606,25.456,26.5535,27.6587,27.253,30.0822,33.4342,36.0581,36.4235,39.1188,39.4024,38.7398
Indonesia,Nonbank financial institutions’ assets to GDP (%),..,..,..,..,..,..,..,..,..,..,..,..,..,..,..,..,..,..,..,..,..,..,..,..,..,..,..,..,..,..,..,..,..,..,..,..,..,..,..,..,..,2.32059,2.38108,2.74407,3.15564,3.38165,3.30287,4.87533,6.70964,6.93358
Indonesia,Bank non-performing loans to gross loans (%),..,..,..,..,..,..,..,..,..,..,..,..,..,..,..,..,..,..,..,..,..,..,..,..,..,..,..,..,..,..,48.6,32.9,34.4,31.9,24,6.8,4.5,7.6,6.1,4,3.2,3.3,2.53188,2.14413,1.77338,1.68677,2.06682,2.43104,2.89635,2.55701
Indonesia,Bank cost to income ratio (%),..,..,..,..,..,..,..,..,..,..,..,..,..,..,..,..,..,..,..,..,..,..,..,..,..,..,..,..,60.3166,68.3735,43.6763,48.7365,66.4594,50.183,51.4478,52.7429,48.5734,55.6157,52.543,53.2078,51.8685,50.286,47.7056,48.8596,48.3827,47.0916,47.8818,47.895,46.4739,47.9569
Indonesia,Bank concentration (%),..,..,..,..,..,..,..,..,..,..,..,..,..,..,..,..,..,..,..,..,..,..,..,..,..,..,..,..,28.9071,32.9405,45.0331,63.1241,55.0724,56.1389,54.2207,51.3177,47.2572,42.8416,42.3698,42.3483,42.9648,44.1135,42.3148,41.3665,40.6038,38.4077,40.3356,39.7019,39.8376,40.693
Indonesia,"Bank branches per 100,000 adults",..,..,..,..,..,..,..,..,..,..,..,..,..,..,..,..,..,..,..,..,..,..,..,..,..,..,..,..,..,..,..,..,..,..,..,..,5.17377,5.28585,5.73485,5.98552,6.59775,7.65735,8.12607,14.7424,16.9252,17.7138,17.9185,17.7397,17.3579,16.8532
India,Bank net interest margin (%),..,..,..,..,..,..,..,..,..,..,..,..,..,..,..,..,..,..,..,..,..,..,..,..,..,..,..,..,3.95959,3.92807,3.55741,3.39156,3.26656,3.36064,3.04702,3.34201,3.71943,3.52568,3.37657,3.33443,3.14115,2.73093,3.08479,3.34939,3.06815,3.01061,2.85019,2.89992,2.84155,3.01258
India,Bank noninterest income to total income (%),..,..,..,..,..,..,..,..,..,..,..,..,..,..,..,..,..,..,..,..,..,..,..,..,..,..,..,..,32.3436,31.4502,34.2787,34.2232,36.1006,32.6694,36.7083,39.2526,39.7833,31.5668,29.5308,30.1307,35.3794,35.6428,34.6134,27.9711,26.6251,27.2331,28.1966,28.9146,34.3401,36.9469
India,Bank overhead costs to total assets (%),..,..,..,..,..,..,..,..,..,..,..,..,..,..,..,..,..,..,..,..,..,..,..,..,..,..,..,..,2.98843,2.87833,2.70975,2.7657,2.58838,2.69283,2.30283,2.38086,2.50257,2.29227,2.27662,2.15418,2.04628,1.66973,1.88626,1.88716,1.66641,1.72949,1.72104,1.74744,1.74699,2.16975
India,"Bank return on assets (%, after tax)",..,..,..,..,..,..,..,..,..,..,..,..,..,..,..,..,..,..,..,..,..,..,..,..,..,..,..,..,0.144625,0.731609,0.940989,0.574817,0.761703,0.529935,0.724633,1.03532,1.31576,0.9792,0.979775,1.01889,1.13988,0.988623,1.09532,1.07555,0.979325,0.988185,0.752505,0.307544,0.470986,-0.16287
India,"Bank return on equity (%, after tax)",..,..,..,..,..,..,..,..,..,..,..,..,..,..,..,..,..,..,..,..,..,..,..,..,..,..,..,..,8.45806,16.3166,17.5336,12.6713,15.7165,10.9591,14.9258,20.6604,24.5438,17.0988,15.9268,16.4896,17.1374,14.1166,15.6828,15.4055,13.9781,13.8849,10.6112,4.24136,6.1741,-2.10529
India,Bank Z-score,..,..,..,..,..,..,..,..,..,..,..,..,..,..,..,..,..,..,..,..,..,..,..,..,..,..,..,..,10.5823,13.1166,13.6532,12.2518,12.9598,11.7536,11.8042,13.1828,14.4729,14.643,15.5567,14.9892,17.4858,16.7469,17.2801,16.9837,17.1177,17.2634,16.538,16.4565,17.5591,15.9562
India,Boone indicator,..,..,..,..,..,..,..,..,..,..,..,..,..,..,..,..,..,..,..,..,..,..,..,..,..,..,..,..,..,..,..,-0.086322,-0.131454,-0.113899,-0.104241,-0.09514,-0.092591,-0.084317,-0.097171,-0.105532,-0.111463,-0.09831,-0.088686,-0.091036,-0.099198,-0.108939,-0.098263,..,..,..
India,Debit card (% age 15+),..,..,..,..,..,..,..,..,..,..,..,..,..,..,..,..,..,..,..,..,..,..,..,..,..,..,..,..,..,..,..,..,..,..,..,..,..,..,..,..,..,..,..,8.3995,..,..,22.068,..,..,32.722
India,Credit card (% age 15+),..,..,..,..,..,..,..,..,..,..,..,..,..,..,..,..,..,..,..,..,..,..,..,..,..,..,..,..,..,..,..,..,..,..,..,..,..,..,..,..,..,..,..,1.7668,..,..,4.17535,..,..,3.00351
India,Domestic credit to private sector (% of GDP),9.82064,10.4001,11.2365,12.4934,12.9224,13.0939,12.9138,14.9337,17.8877,18.0418,19.6954,20.9567,20.5435,21.2255,22.6879,22.8927,24.2826,24.5637,25.801,25.3824,25.2751,26.5898,24.9165,23.8217,24.6982,23.8321,23.6473,22.5108,23.4024,23.5553,23.6777,25.4229,28.3396,28.6194,32.3065,31.6263,36.1918,40.068,43.6278,45.6278,49.5594,48.1244,50.5554,51.2892,51.8885,52.3857,51.8822,51.8675,49.1948,48.7799
India,Nonbank financial institutions’ assets to GDP (%),1.42538,1.38661,1.42432,1.478,1.51961,1.4273,1.4805,1.65691,1.80261,2.05918,2.33019,2.66028,2.82326,3.11283,3.44711,3.70952,4.06761,4.31253,4.70941,5.04542,4.89884,..,..,..,..,..,..,..,..,..,..,..,..,..,..,..,..,..,..,..,..,..,..,..,..,..,..,..,..,..
India,Bank non-performing loans to gross loans (%),..,..,..,..,..,..,..,..,..,..,..,..,..,..,..,..,..,..,..,..,..,..,..,..,..,..,..,..,..,..,14.4,14.7,12.8,11.4,10.4,8.8,7.2,5.2,3.5,2.7,2.4,2.2,2.38613,2.6702,3.37395,4.02773,4.34585,5.88352,9.18552,9.98
India,Bank cost to income ratio (%),..,..,..,..,..,..,..,..,..,..,..,..,..,..,..,..,..,..,..,..,..,..,..,..,..,..,..,..,63.5621,61.522,59.8257,63.5548,59.4669,62.4543,54.3817,48.7168,45.483,49.798,52.9691,50.6151,48.0971,45.0207,45.0171,45.5382,44.2453,45.8042,47.3774,47.2422,45.2532,50.787
India,Bank concentration (%),..,..,..,..,..,..,..,..,..,..,..,..,..,..,..,..,..,..,..,..,..,..,..,..,..,..,..,..,37.1871,36.026,35.1957,35.3737,34.5629,34.7914,35.7336,35.0308,33.1115,33.9826,33.9229,32.9312,32.5198,32.0653,30.1304,29.4784,28.8043,29.2118,29.3455,30.2868,33.3274,37.2868
India,"Bank branches per 100,000 adults",..,..,..,..,..,..,..,..,..,..,..,..,..,..,..,..,..,..,..,..,..,..,..,..,..,..,..,..,..,..,..,..,..,..,..,..,8.96515,8.92713,8.89685,9.00683,9.31359,9.60238,10.0373,10.512,11.1839,11.8513,12.867,13.5446,14.0561,14.7209
Rwanda,Bank net interest margin (%),..,..,..,..,..,..,..,..,..,..,..,..,..,..,..,..,..,..,..,..,..,..,..,..,..,..,..,..,12.1094,16.4901,14.8591,13.1814,14.2389,13.5368,9.30918,9.88889,9.91129,11.2167,8.27083,9.86881,10.9784,9.64625,8.78549,9.86907,10.0842,10.5256,9.35897,9.34986,8.7565,9.32557
Rwanda,Bank noninterest income to total income (%),..,..,..,..,..,..,..,..,..,..,..,..,..,..,..,..,..,..,..,..,..,..,..,..,..,..,..,..,..,..,..,..,..,45.0408,53.3731,49.693,50.7833,46.5009,41.0999,34.1127,36.5428,37.1794,37.2543,34.7211,36.5638,31.742,30.1928,31.2439,27.495,28.4136
Rwanda,Bank overhead costs to total assets (%),..,..,..,..,..,..,..,..,..,..,..,..,..,..,..,..,..,..,..,..,..,..,..,..,..,..,..,..,3.5379,4.06584,4.68119,4.93285,4.289,8.04113,6.08585,6.90702,7.3256,8.2051,6.82809,8.78273,8.7601,9.24985,8.0993,8.45096,8.38996,8.44803,6.77297,6.83802,6.17003,6.4725
Rwanda,"Bank return on assets (%, after tax)",..,..,..,..,..,..,..,..,..,..,..,..,..,..,..,..,..,..,..,..,..,..,..,..,..,..,..,..,4.84499,7.63955,6.43539,7.96219,6.9817,4.30446,2.45695,3.34396,1.97904,0.958397,2.43938,1.24159,2.42487,1.18973,2.00029,2.29955,2.1316,1.86626,2.50194,2.07894,1.6732,0.998086
Rwanda,"Bank return on equity (%, after tax)",..,..,..,..,..,..,..,..,..,..,..,..,..,..,..,..,..,..,..,..,..,..,..,..,..,..,..,..,73.4846,122.315,111.851,146.913,112.119,56.6184,32.3255,55.43,28.2623,11.8834,29.5882,11.7607,20.3194,9.11114,13.548,13.9978,12.0326,11.0279,15.4648,13.0498,10.5127,6.2468
Rwanda,Bank Z-score,..,..,..,..,..,..,..,..,..,..,..,..,..,..,..,..,..,..,..,..,..,..,..,..,..,..,..,..,5.74649,6.58209,5.98026,6.34794,6.93409,6.04628,4.75059,5.12106,4.92701,4.4787,5.27804,6.41604,7.09048,7.39635,8.63832,9.52565,10.043,8.69623,9.32702,8.60701,8.86471,8.1718
Rwanda,Boone indicator,..,..,..,..,..,..,..,..,..,..,..,..,..,..,..,..,..,..,..,..,..,..,..,..,..,..,..,..,..,..,..,..,0,-0.175849,-0.128644,-0.136452,-0.132377,-0.126403,-0.141388,-0.128769,-0.106462,-0.099809,-0.118,-0.133325,-0.110882,-0.117646,-0.106812,..,..,..
Rwanda,Debit card (% age 15+),..,..,..,..,..,..,..,..,..,..,..,..,..,..,..,..,..,..,..,..,..,..,..,..,..,..,..,..,..,..,..,..,..,..,..,..,..,..,..,..,..,..,..,5.30806,..,..,4.50832,..,..,4.69726
Rwanda,Credit card (% age 15+),..,..,..,..,..,..,..,..,..,..,..,..,..,..,..,..,..,..,..,..,..,..,..,..,..,..,..,..,..,..,..,..,..,..,..,..,..,..,..,..,..,..,..,2.77887,..,..,1.22542,..,..,0.731856
Rwanda,Domestic credit to private sector (% of GDP),1.3583,1.65819,2.40655,2.90733,2.03656,3.66025,6.19003,3.14251,3.41878,5.52436,5.89661,4.41801,5.74729,6.09255,6.12922,5.87127,6.45367,7.7188,7.88909,7.92132,9.00601,9.22157,6.92066,5.1197,5.67516,6.32914,9.88228,8.41488,6.80644,8.09027,8.75921,9.5024,9.95933,10.2068,10.5918,9.92867,10.7439,11.2659,12.538,12.8513,14.2217,11.7863,12.1701,15.8285,18.4534,19.1732,20.7769,21.1315,20.9992,20.8572
Rwanda,Nonbank financial institutions’ assets to GDP (%),..,..,..,..,..,..,..,..,..,..,..,..,..,..,..,..,..,..,..,..,..,..,..,..,..,..,..,..,..,..,..,..,..,..,..,..,..,..,..,..,..,..,..,..,..,..,..,..,..,..
Rwanda,Bank non-performing loans to gross loans (%),..,..,..,..,..,..,..,..,..,..,..,..,..,..,..,..,..,..,..,..,..,..,..,..,..,..,..,..,..,..,..,..,..,74.1,57,33,31,29,25,16.9,12.6,13.1,7.33235,5.59281,5.10621,5.93276,5.22373,5.90613,7.08392,..
Rwanda,Bank cost to income ratio (%),..,..,..,..,..,..,..,..,..,..,..,..,..,..,..,..,..,..,..,..,..,..,..,..,..,..,..,..,..,..,..,..,..,76.4586,74.3027,69.8345,81.3909,99.4879,64.0241,76.1159,62.8034,72.9044,69.9254,70.2159,68.2947,67.3377,62.3085,63.9622,60.6158,58.5111
Rwanda,Bank concentration (%),..,..,..,..,..,..,..,..,..,..,..,..,..,..,..,..,..,..,..,..,..,..,..,..,..,..,..,..,..,..,..,..,..,100,100,90.2862,87.3589,87.0129,85.1782,78.1792,76.2243,62.4539,67.961,68.3818,73.0064,65.5332,65.8396,58.609,64.3277,58.2064
Rwanda,"Bank branches per 100,000 adults",..,..,..,..,..,..,..,..,..,..,..,..,..,..,..,..,..,..,..,..,..,..,..,..,..,..,..,..,..,..,..,..,..,..,..,..,0.391847,0.763515,0.724379,1.06801,4.57354,4.90612,4.90997,5.46766,5.6329,5.96251,5.83341,6.10055,6.15977,6.0616
Netherlands,Bank net interest margin (%),..,..,..,..,..,..,..,..,..,..,..,..,..,..,..,..,..,..,..,..,..,..,..,..,..,..,..,..,0.875167,0.828254,1.0109,1.00639,1.20244,1.21713,1.34061,1.03377,1.93908,0.895799,0.467364,0.881953,0.601977,0.863142,0.714138,1.03176,1.15133,1.32433,1.40924,1.75628,1.57629,1.98541
Netherlands,Bank noninterest income to total income (%),..,..,..,..,..,..,..,..,..,..,..,..,..,..,..,..,..,..,..,..,..,..,..,..,..,..,..,..,24.561,24.9381,22.1292,25.4167,25.5102,21.3333,22.549,27.4611,27.0014,29.1272,57.337,61.948,55.474,43.8876,45.6955,49.823,35.6721,27.2989,27.2243,54.5097,50.3134,39.5809
Netherlands,Bank overhead costs to total assets (%),..,..,..,..,..,..,..,..,..,..,..,..,..,..,..,..,..,..,..,..,..,..,..,..,..,..,..,..,0.59998,0.587757,0.649634,0.652278,0.669887,0.646441,0.935583,1.26301,1.7255,0.80561,0.65558,2.03182,1.00928,1.25072,0.781986,0.892473,0.963192,0.855369,1.15529,2.37316,1.96393,1.76895
Netherlands,"Bank return on assets (%, after tax)",..,..,..,..,..,..,..,..,..,..,..,..,..,..,..,..,..,..,..,..,..,..,..,..,..,..,..,..,0.564316,0.545494,0.839472,1.10323,1.30457,0.778329,0.101465,2.19906,0.87266,1.10516,0.883701,1.49799,-1.50829,-0.179022,0.22776,0.250334,0.281937,0.288624,0.341204,0.540596,0.5671,0.740251
Netherlands,"Bank return on equity (%, after tax)",..,..,..,..,..,..,..,..,..,..,..,..,..,..,..,..,..,..,..,..,..,..,..,..,..,..,..,..,10.289,9.49392,12.0368,12.7101,14.3057,8.9771,1.09563,12.4904,13.8743,22.5207,16.795,26.3717,-31.627,-4.73155,5.55454,5.9603,6.4874,5.92334,6.55233,9.44717,9.10634,12.1705
Netherlands,Bank Z-score,..,..,..,..,..,..,..,..,..,..,..,..,..,..,..,..,..,..,..,..,..,..,..,..,..,..,..,..,10.5229,10.254,14.7862,17.0962,16.9663,15.1022,23.8939,38.5959,9.46306,9.94444,10.7659,11.859,3.63682,6.03417,7.61322,7.03005,8.24777,8.76151,9.48162,10.898,11.4764,10.8623
Netherlands,Boone indicator,..,..,..,..,..,..,..,..,..,..,..,..,..,..,..,..,..,..,..,..,..,..,..,..,..,..,..,..,..,..,..,-0.003365,0.176735,0.122557,0.180847,0.197583,0.229558,0.075999,0.050016,-0.080497,0.094806,0.189465,0.071667,0.224753,0.098238,0.073325,0.131604,..,..,..
Netherlands,Debit card (% age 15+),..,..,..,..,..,..,..,..,..,..,..,..,..,..,..,..,..,..,..,..,..,..,..,..,..,..,..,..,..,..,..,..,..,..,..,..,..,..,..,..,..,..,..,97.6078,..,..,98.3835,..,..,98.8052
Netherlands,Credit card (% age 15+),..,..,..,..,..,..,..,..,..,..,..,..,..,..,..,..,..,..,..,..,..,..,..,..,..,..,..,..,..,..,..,..,..,..,..,..,..,..,..,..,..,..,..,41.3873,..,..,33.632,..,..,39.101
Netherlands,Domestic credit to private sector (% of GDP),31.1401,32.0929,30.9881,31.2897,33.0751,36.3996,37.1338,38.8652,41.1785,47.9527,53.727,57.7194,58.7852,58.745,58.2455,58.1095,57.1759,57.619,60.1589,62.8161,73.6878,74.2624,74.9538,76.5033,77.2588,80.1215,82.1597,87.4776,93.0458,98.0744,..,117.245,125.007,110.465,109.186,108.814,112.813,116.362,113.518,113.374,110.917,117.233,113.673,114.504,116.95,113.843,116.422,111.604,114.566,111.309
Netherlands,Nonbank financial institutions’ assets to GDP (%),4.46016,4.25708,4.2379,4.29431,4.43817,4.47964,4.58127,4.92623,5.04767,5.19349,5.40623,5.72412,6.14376,6.71561,7.36168,7.73699,7.93996,8.33969,8.68242,8.96936,9.2021,9.21957,9.18315,9.31332,9.60806,9.73369,9.39334,8.9748,8.86491,8.5251,8.19702,..,..,..,..,..,..,..,..,..,..,..,..,..,..,..,..,..,..,..
Netherlands,Bank non-performing loans to gross loans (%),..,..,..,..,..,..,..,..,..,..,..,..,..,..,..,..,..,..,..,..,..,..,..,..,..,..,..,..,..,..,2.6,2.7,1.8,2.3,2.4,2,1.5,..,..,..,1.7,3.2,2.83235,2.71088,3.09784,3.22717,2.98266,2.71198,2.54053,2.30543
Netherlands,Bank cost to income ratio (%),..,..,..,..,..,..,..,..,..,..,..,..,..,..,..,..,..,..,..,..,..,..,..,..,..,..,..,..,53.2612,56.1093,52.6553,52.9167,52.0408,49.6667,59.8039,74.6114,60.541,63.4284,61.236,86.6231,66.9789,78.389,74.4204,60.8368,65.4528,66.482,66.7795,69.7298,68.016,58.7514
Netherlands,Bank concentration (%),..,..,..,..,..,..,..,..,..,..,..,..,..,..,..,..,..,..,..,..,..,..,..,..,..,..,..,..,78.3403,82.1318,81.9,85.9643,84.4989,87.0626,55.0583,70.5658,79.4262,85.2812,84.895,89.7775,89.4542,78.8189,77.2228,80.7819,82.9491,85.1617,87.2677,85.5063,84.9624,87.535
Netherlands,"Bank branches per 100,000 adults",..,..,..,..,..,..,..,..,..,..,..,..,..,..,..,..,..,..,..,..,..,..,..,..,..,..,..,..,..,..,..,..,..,..,..,..,33.6128,28.072,27.6963,28.6576,27.5722,25.2253,23.0152,21.3045,19.6461,17.3493,14.7887,13.9914,12.4606,11.9278
Malaysia,Bank net interest margin (%),..,..,..,..,..,..,..,..,..,..,..,..,..,..,..,..,..,..,..,..,..,..,..,..,..,..,..,..,3.60478,3.27034,2.46287,1.91295,2.27636,2.73102,2.76622,2.61957,3.61407,2.51358,1.5231,1.90485,2.29031,2.58771,2.83612,4.93651,2.87679,2.52338,2.44906,1.80373,1.92707,2.25661
Malaysia,Bank noninterest income to total income (%),..,..,..,..,..,..,..,..,..,..,..,..,..,..,..,..,..,..,..,..,..,..,..,..,..,..,..,..,20.5534,19.936,20.0013,23.3743,22.0352,21.9116,21.3853,18.5888,16.1602,24.2564,26.9107,30.303,25.0385,26.4725,29.0348,29.2298,29.6313,27.6594,24.5866,30.6749,34.055,45.4794
Malaysia,Bank overhead costs to total assets (%),..,..,..,..,..,..,..,..,..,..,..,..,..,..,..,..,..,..,..,..,..,..,..,..,..,..,..,..,1.65591,1.42843,1.03241,0.960458,0.997396,1.06152,1.11171,0.936767,0.81425,1.02309,0.831457,0.938897,1.25652,1.61037,1.37254,2.19316,1.33336,1.14244,1.13038,1.06762,1.11635,1.51682
Malaysia,"Bank return on assets (%, after tax)",..,..,..,..,..,..,..,..,..,..,..,..,..,..,..,..,..,..,..,..,..,..,..,..,..,..,..,..,1.08834,0.820751,-0.932025,0.378092,0.594189,0.809767,1.06139,1.18365,1.87144,1.0863,0.433639,0.609716,0.439152,0.804703,1.08019,2.90112,1.73125,1.47641,1.35768,0.934433,1.03675,1.56704
Malaysia,"Bank return on equity (%, after tax)",..,..,..,..,..,..,..,..,..,..,..,..,..,..,..,..,..,..,..,..,..,..,..,..,..,..,..,..,15.3679,11.2143,-13.273,5.40517,11.7174,9.64867,12.8806,14.5488,22.555,12.5002,5.10277,7.63964,5.33468,9.49856,12.9242,29.0818,16.9616,14.2311,12.6671,9.08986,10.5646,12.2816
Malaysia,Bank Z-score,..,..,..,..,..,..,..,..,..,..,..,..,..,..,..,..,..,..,..,..,..,..,..,..,..,..,..,..,11.8329,12.2812,7.68778,12.3823,15.1763,13.21,13.6085,13.396,15.2595,14.4259,12.3796,12.4405,13.2883,13.2761,13.8204,18.9284,17.5624,17.3823,18.0114,15.0995,16.4246,23.3917
Malaysia,Boone indicator,..,..,..,..,..,..,..,..,..,..,..,..,..,..,..,..,..,..,..,..,..,..,..,..,..,..,..,..,..,..,..,-0.047829,-0.049632,-0.037919,-0.045987,-0.049649,-0.047519,-0.054981,-0.035548,-0.026981,-0.0352,-0.039144,-0.025087,-0.022793,-0.028858,-0.029666,-0.045268,..,..,..
Malaysia,Debit card (% age 15+),..,..,..,..,..,..,..,..,..,..,..,..,..,..,..,..,..,..,..,..,..,..,..,..,..,..,..,..,..,..,..,..,..,..,..,..,..,..,..,..,..,..,..,23.1346,..,..,41.1706,..,..,73.7592
Malaysia,Credit card (% age 15+),..,..,..,..,..,..,..,..,..,..,..,..,..,..,..,..,..,..,..,..,..,..,..,..,..,..,..,..,..,..,..,..,..,..,..,..,..,..,..,..,..,..,..,11.9162,..,..,20.1546,..,..,21.3149
Malaysia,Domestic credit to private sector (% of GDP),16.5768,18.3723,21.2867,22.5627,24.2405,27.7894,28.2365,34.3158,33.9826,35.8237,39.1928,41.4775,49.9094,57.7614,62.7329,69.9269,74.8901,88.1746,101.466,89.5766,86.4625,95.6529,69.4127,73.7611,108.53,106.46,109.218,124.415,141.634,158.385,158.505,149.152,135,129.101,121.828,118.974,111.937,106.524,103.664,101.58,96.7484,111.607,107.123,108.426,114.125,119.9,120.579,125.062,123.831,118.806
Malaysia,Nonbank financial institutions’ assets to GDP (%),..,..,..,..,..,..,..,..,..,..,..,..,..,..,..,..,..,..,..,..,..,..,..,..,..,..,..,..,..,..,..,..,..,..,..,..,..,..,..,..,..,..,..,..,..,..,..,..,..,..
Malaysia,Bank non-performing loans to gross loans (%),..,..,..,..,..,..,..,..,..,..,..,..,..,..,..,..,..,..,..,..,..,..,..,..,..,..,..,..,..,..,18.6,16.6,15.4,17.8,15.9,13.9,11.7,9.4,8.5,6.5,4.8,3.6,3.35403,2.68139,2.01584,1.84915,1.64579,1.60139,1.6119,1.54531
Malaysia,Bank cost to income ratio (%),..,..,..,..,..,..,..,..,..,..,..,..,..,..,..,..,..,..,..,..,..,..,..,..,..,..,..,..,46.4487,43.1829,41.3697,48.5869,40.0699,34.6726,36.4102,34.0838,24.2793,36.7367,46.1014,40.4361,50.437,59.3562,51.3163,38.9898,39.954,39.6381,39.7984,46.1534,43.1521,42.8801
Malaysia,Bank concentration (%),..,..,..,..,..,..,..,..,..,..,..,..,..,..,..,..,..,..,..,..,..,..,..,..,..,..,..,..,46.6569,53.8992,50.2579,36.4447,56.835,61.727,62.9077,70.2122,84.1166,95.4977,100,99.1637,100,100,95.2604,53.5457,45.8032,46.9134,48.5171,51.5694,51.9389,55.366
Malaysia,"Bank branches per 100,000 adults",..,..,..,..,..,..,..,..,..,..,..,..,..,..,..,..,..,..,..,..,..,..,..,..,..,..,..,..,..,..,..,..,..,..,..,..,14.0481,12.6316,11.7578,11.4995,11.3243,11.1755,10.9525,11.2459,11.0963,10.8586,10.6604,10.5147,10.2559,10.0563
Singapore,Bank net interest margin (%),..,..,..,..,..,..,..,..,..,..,..,..,..,..,..,..,..,..,..,..,..,..,..,..,..,..,..,..,2.43432,2.08312,1.62868,1.93515,2.18201,0.448513,1.33686,0.146868,3.31811,2.01508,1.86666,1.89036,2.22668,1.93548,1.77077,1.60793,1.65331,1.59353,1.51557,1.41735,1.38574,1.87601
Singapore,Bank noninterest income to total income (%),..,..,..,..,..,..,..,..,..,..,..,..,..,..,..,..,..,..,..,..,..,..,..,..,..,..,..,..,15.9973,22.0661,20.4906,22.7046,21.5015,53.7523,9.99556,56.2482,31.3125,32.0416,35.7918,38.3426,30.1631,34.4446,40.8826,37.2208,40.878,34.7202,34.4761,39.5182,40.514,40.8107
Singapore,Bank overhead costs to total assets (%),..,..,..,..,..,..,..,..,..,..,..,..,..,..,..,..,..,..,..,..,..,..,..,..,..,..,..,..,1.02421,0.918327,0.753616,0.831159,0.953847,0.172759,0.287329,0.173242,1.69372,1.00488,0.963324,1.0249,0.93656,0.965933,0.96452,0.895186,0.932212,0.848473,0.836681,0.854721,0.873519,1.26525
Singapore,"Bank return on assets (%, after tax)",..,..,..,..,..,..,..,..,..,..,..,..,..,..,..,..,..,..,..,..,..,..,..,..,..,..,..,..,1.02324,0.352852,-0.045052,0.69819,1.13572,0.557416,0.907384,0.36757,1.99862,1.2139,1.54484,1.2705,1.28434,1.04794,1.28956,1.05709,1.26649,1.06331,0.959181,0.932755,0.866308,1.08819
Singapore,"Bank return on equity (%, after tax)",..,..,..,..,..,..,..,..,..,..,..,..,..,..,..,..,..,..,..,..,..,..,..,..,..,..,..,..,7.84277,2.97289,-0.40665,6.36011,10.4887,6.21073,27.0123,12.3748,20.1852,11.0033,13.8515,12.3115,12.9156,9.87175,11.2994,9.63855,11.7921,10.5419,10.1501,9.68706,8.83102,11.1836
Singapore,Bank Z-score,..,..,..,..,..,..,..,..,..,..,..,..,..,..,..,..,..,..,..,..,..,..,..,..,..,..,..,..,27.8414,27.0812,23.9321,25.1285,23.862,12.1492,6.67168,15.1464,24.9412,26.9001,25.4967,23.3988,23.2418,25.5952,26.6419,23.9712,25.4517,21.5825,21.8843,22.0707,22.4277,22.2063
Singapore,Boone indicator,..,..,..,..,..,..,..,..,..,..,..,..,..,..,..,..,..,..,..,..,..,..,..,..,..,..,..,..,..,..,..,0.016067,-1.82756,-1.52463,-0.770995,-0.553192,-0.026166,-0.031379,-0.042016,-0.049109,-0.019653,-0.014,-0.02078,-0.017982,-0.018209,-0.018138,-0.017461,..,..,..
Singapore,Debit card (% age 15+),..,..,..,..,..,..,..,..,..,..,..,..,..,..,..,..,..,..,..,..,..,..,..,..,..,..,..,..,..,..,..,..,..,..,..,..,..,..,..,..,..,..,..,28.6293,..,..,89.4218,..,..,91.8473
Singapore,Credit card (% age 15+),..,..,..,..,..,..,..,..,..,..,..,..,..,..,..,..,..,..,..,..,..,..,..,..,..,..,..,..,..,..,..,..,..,..,..,..,..,..,..,..,..,..,..,37.3498,..,..,35.4198,..,..,48.8977
Singapore,Domestic credit to private sector (% of GDP),38.287,41.8003,45.3115,44.878,50.2511,59.0827,53.3145,56.0068,57.3403,58.1721,60.1939,64.5895,68.9071,75.3426,80.1208,85.6088,85.3287,87.6054,84.35,80.5761,76.3527,79.5404,79.1647,79.8711,81.0855,80.9717,81.1902,88.2935,93.7418,96.4703,107.931,102.707,96.0525,115.024,102.024,104.783,95.729,89.2234,84.2871,85.3518,97.8644,96.8614,94.8584,104.704,112.974,124.066,128.13,122.421,124.1,122.719
Singapore,Nonbank financial institutions’ assets to GDP (%),5.03008,4.27831,4.20939,4.71159,5.04066,5.83729,6.53249,6.6929,6.73337,7.06832,7.41455,8.00288,8.64883,9.81087,11.4867,13.0941,14.0563,14.2622,13.2608,12.1908,11.6555,12.1308,12.1487,11.7808,11.6449,11.3715,12.0793,12.8061,12.4576,11.826,12.134,11.1733,9.57922,8.71266,6.88795,5.14538,3.51427,3.45153,3.35194,3.31237,3.70404,3.16623,2.50947,2.52893,2.86071,3.00525,3.04511,3.06175,3.00118,2.83272
Singapore,Bank non-performing loans to gross loans (%),..,..,..,..,..,..,..,..,..,..,..,..,..,..,..,..,..,..,..,..,..,..,..,..,..,..,..,..,..,..,..,5.3,3.4,8,7.7,6.7,5,3.8,2.8,1.5,1.4,2,1.40635,1.06046,1.04263,0.866942,0.756533,0.924063,1.22253,1.4002
Singapore,Bank cost to income ratio (%),..,..,..,..,..,..,..,..,..,..,..,..,..,..,..,..,..,..,..,..,..,..,..,..,..,..,..,..,37.8571,36.6475,38.8051,34.8745,35.6436,21.5746,20.9136,54.9297,39.1727,37.5874,36.7715,37.6979,33.1844,36.9577,36.8145,39.6796,36.8349,38.6016,40.7005,41.2315,42.1367,44.8067
Singapore,Bank concentration (%),..,..,..,..,..,..,..,..,..,..,..,..,..,..,..,..,..,..,..,..,..,..,..,..,..,..,..,..,76.1639,64.7036,85.3857,95.9883,92.8943,95.9464,98.3002,100,97.8846,94.7694,85.1684,84.9463,94.0925,88.7845,89.6809,89.9116,89.9136,86.6517,87.5371,87.2397,86.1468,89.3264
Singapore,"Bank branches per 100,000 adults",..,..,..,..,..,..,..,..,..,..,..,..,..,..,..,..,..,..,..,..,..,..,..,..,..,..,..,..,..,..,..,..,..,..,..,..,11.7216,11.5102,11.1708,10.7553,10.3048,10.2413,10.223,9.96479,9.76929,9.43742,9.31969,9.25824,8.984,8.488
Philippines,Bank net interest margin (%),..,..,..,..,..,..,..,..,..,..,..,..,..,..,..,..,..,..,..,..,..,..,..,..,..,..,..,..,6.10282,4.8267,5.56619,2.84106,0.992108,2.41823,5.77704,5.60065,6.83784,4.02992,3.76592,4.30247,3.56943,3.90118,4.07919,3.72469,3.50156,3.23828,3.43602,3.31355,3.31027,4.05607
Philippines,Bank noninterest income to total income (%),..,..,..,..,..,..,..,..,..,..,..,..,..,..,..,..,..,..,..,..,..,..,..,..,..,..,..,..,30.8915,31.5128,37.138,39.4182,44.7212,50,39.1392,34.6222,37.9517,34.7166,38.9805,36.405,27.0036,32.6802,35.295,34.5688,39.3948,35.9275,27.4359,26.4983,27.5631,22.8238
Philippines,Bank overhead costs to total assets (%),..,..,..,..,..,..,..,..,..,..,..,..,..,..,..,..,..,..,..,..,..,..,..,..,..,..,..,..,5.05729,3.71977,4.13118,2.83459,0.889925,1.79976,4.4347,3.79588,5.9544,3.4152,3.33238,3.60715,2.91567,2.98681,3.07217,2.90677,3.07915,2.58432,2.43555,2.14647,2.11438,2.493
Philippines,"Bank return on assets (%, after tax)",..,..,..,..,..,..,..,..,..,..,..,..,..,..,..,..,..,..,..,..,..,..,..,..,..,..,..,..,1.69993,1.5018,0.998128,0.267369,0.018669,0.009902,0.264171,1.90831,1.68314,1.00245,1.23957,1.29677,0.577169,1.13608,1.40575,1.39973,1.64852,1.50003,1.26936,1.14327,1.19248,1.18329
Philippines,"Bank return on equity (%, after tax)",..,..,..,..,..,..,..,..,..,..,..,..,..,..,..,..,..,..,..,..,..,..,..,..,..,..,..,..,12.1288,10.5542,6.4318,1.6794,0.120729,0.057283,1.31725,9.60129,14.9495,9.99615,11.7475,11.6834,6.46695,12.053,14.0193,12.8175,13.8874,13.4444,12.223,10.6226,10.8917,10.9692
Philippines,Bank Z-score,..,..,..,..,..,..,..,..,..,..,..,..,..,..,..,..,..,..,..,..,..,..,..,..,..,..,..,..,23.3007,24.0458,26.0704,22.7287,26.144,25.308,34.267,29.3318,19.0289,17.3306,18.4914,18.4399,14.9111,16.1947,17.5685,19.1661,20.7121,17.5386,17.5639,18.1442,18.0255,17.7408
Philippines,Boone indicator,..,..,..,..,..,..,..,..,..,..,..,..,..,..,..,..,..,..,..,..,..,..,..,..,..,..,..,..,..,..,..,-0.442272,0.06509,0.06509,-0.003894,-0.006485,-0.056879,-0.055337,-0.050888,-0.046707,-0.022489,-0.025691,-0.036916,-0.038505,-0.041895,-0.032498,-0.024794,..,..,..
Philippines,Debit card (% age 15+),..,..,..,..,..,..,..,..,..,..,..,..,..,..,..,..,..,..,..,..,..,..,..,..,..,..,..,..,..,..,..,..,..,..,..,..,..,..,..,..,..,..,..,13.1558,..,..,20.4804,..,..,21.0113
Philippines,Credit card (% age 15+),..,..,..,..,..,..,..,..,..,..,..,..,..,..,..,..,..,..,..,..,..,..,..,..,..,..,..,..,..,..,..,..,..,..,..,..,..,..,..,..,..,..,..,3.15771,..,..,3.19928,..,..,1.93899
Philippines,Domestic credit to private sector (% of GDP),21.4982,20.5447,20.3896,19.9801,21.7616,22.9447,24.9475,24.9907,25.4412,26.5444,29.4358,31.2074,31.4412,32.8476,33.4195,36.9117,24.471,20.115,14.8566,15.9759,16.1229,17.3595,19.2663,17.8387,20.6485,26.4141,29.0933,37.5319,48.9798,56.4575,43.3217,38.5175,36.769,37.5296,34.8845,33.1405,32.2414,29.0735,28.694,28.8641,29.065,29.1628,29.5785,31.8683,33.4144,35.8599,39.1774,41.7672,44.7156,47.7662
Philippines,Nonbank financial institutions’ assets to GDP (%),6.56975,7.17231,6.66261,6.88778,7.40422,6.96532,5.63325,5.66982,7.12905,8.20366,8.57296,8.59705,9.58084,10.9276,12.1533,11.8095,10.539,8.4413,4.75455,2.70858,2.85658,2.9007,2.93932,3.41551,4.24719,5.07514,6.04343,6.96691,6.20525,5.12667,5.00321,4.56337,4.21782,4.17683,4.21765,4.18103,4.02101,4.13538,4.45844,4.64133,..,..,..,..,..,..,..,..,..,..
Philippines,Bank non-performing loans to gross loans (%),..,..,..,..,..,..,..,..,..,..,..,..,..,..,..,..,..,..,..,..,..,..,..,..,..,..,..,..,..,..,12.4,14.6,24,27.7,14.6,16.1,14.4,10,7.5,5.8,4.6,3.5,3.38074,2.55546,2.22289,2.44087,2.02469,1.88548,1.71585,1.57931
Philippines,Bank cost to income ratio (%),..,..,..,..,..,..,..,..,..,..,..,..,..,..,..,..,..,..,..,..,..,..,..,..,..,..,..,..,62.475,55.3525,51.141,71.4735,59.5097,50,67.0711,65.4565,63.8906,62.7281,60.4775,61.8693,69.9031,59.4571,57.4703,59.7501,58.9071,55.7225,60.2983,59.665,57.9655,58.5418
Philippines,Bank concentration (%),..,..,..,..,..,..,..,..,..,..,..,..,..,..,..,..,..,..,..,..,..,..,..,..,..,..,..,..,79.2901,77.615,80.3784,87.3418,100,..,100,98.729,41.4989,41.2186,39.6098,47.1895,47.5081,46.663,47.6094,40.5841,41.3099,43.3742,45.1556,46.0095,43.7178,47.4546
Philippines,"Bank branches per 100,000 adults",..,..,..,..,..,..,..,..,..,..,..,..,..,..,..,..,..,..,..,..,..,..,..,..,..,..,..,..,..,..,..,..,..,..,..,..,8.21107,8.00729,7.80272,7.54124,7.57666,7.49583,7.55586,7.67036,7.94809,8.25565,8.6352,8.79102,8.87274,9.04909
United States,Bank net interest margin (%),..,..,..,..,..,..,..,..,..,..,..,..,..,..,..,..,..,..,..,..,..,..,..,..,..,..,..,..,4.17162,4.18093,3.80936,4.31617,3.82926,3.83036,3.94548,3.71041,3.50591,3.47201,3.21106,3.13531,3.09929,3.4118,3.81113,3.64011,3.52514,3.42765,3.46118,3.33533,3.3264,3.4207
United States,Bank noninterest income to total income (%),..,..,..,..,..,..,..,..,..,..,..,..,..,..,..,..,..,..,..,..,..,..,..,..,..,..,..,..,39.9715,39.3219,42.4316,42.599,41.703,41.7087,41.6986,43.2973,42.1388,42.2249,43.1428,40.8996,38.1339,40.9931,36.9823,36.7537,38.2849,38.0164,36.5996,36.57,34.9431,33.2292
United States,Bank overhead costs to total assets (%),..,..,..,..,..,..,..,..,..,..,..,..,..,..,..,..,..,..,..,..,..,..,..,..,..,..,..,..,3.83154,3.65224,3.63197,3.99843,3.51634,3.39499,3.33263,3.26143,3.12835,3.06518,2.89827,2.87376,2.78831,2.864,2.92851,2.86449,2.87468,2.73515,2.72022,2.58044,2.51602,2.52766
United States,"Bank return on assets (%, after tax)",..,..,..,..,..,..,..,..,..,..,..,..,..,..,..,..,..,..,..,..,..,..,..,..,..,..,..,..,1.23349,1.27581,1.19234,1.41237,1.16192,1.12991,1.28448,1.38255,1.29443,1.29459,1.27219,0.873853,0.102607,0.163389,0.664581,0.862409,0.988717,1.04994,1.02249,1.05595,1.04434,0.964093
United States,"Bank return on equity (%, after tax)",..,..,..,..,..,..,..,..,..,..,..,..,..,..,..,..,..,..,..,..,..,..,..,..,..,..,..,..,15.9901,16.1309,14.6948,16.9472,13.674,12.673,13.8206,14.8724,13.2905,12.721,12.4776,8.57673,1.45388,1.64541,5.9648,7.63596,8.79577,9.37804,9.09047,9.3213,9.28762,8.53643
United States,Bank Z-score,..,..,..,..,..,..,..,..,..,..,..,..,..,..,..,..,..,..,..,..,..,..,..,..,..,..,..,..,21.9021,22.2583,22.7851,23.6337,23.5248,24.9641,25.6634,25.6082,27.6959,27.623,27.7233,26.5905,22.9642,26.9327,28.9571,29.2992,29.3846,29.5357,29.6984,29.9373,29.5835,29.7986
United States,Boone indicator,..,..,..,..,..,..,..,..,..,..,..,..,..,..,..,..,..,..,..,..,..,..,..,..,..,..,..,..,..,..,..,-0.087909,-0.078425,-0.068503,-0.062512,-0.055642,-0.054555,-0.063804,-0.077568,-0.08314,-0.058901,-0.038543,-0.039482,-0.038749,-0.041124,-0.040911,-0.040613,..,..,..
United States,Debit card (% age 15+),..,..,..,..,..,..,..,..,..,..,..,..,..,..,..,..,..,..,..,..,..,..,..,..,..,..,..,..,..,..,..,..,..,..,..,..,..,..,..,..,..,..,..,71.7667,..,..,76.2338,..,..,80.2276
United States,Credit card (% age 15+),..,..,..,..,..,..,..,..,..,..,..,..,..,..,..,..,..,..,..,..,..,..,..,..,..,..,..,..,..,..,..,..,..,..,..,..,..,..,..,..,..,..,..,61.9368,..,..,60.1328,..,..,65.6041
United States,Domestic credit to private sector (% of GDP),87.8506,86.7595,87.6767,91.1171,95.7913,94.8389,92.2867,90.4747,89.8847,90.1765,91.6312,92.9455,94.3549,89.238,92.6109,96.1093,96.7961,103.685,110.162,112.619,113.691,117.54,114.791,119.178,118.243,120.995,120.183,130.169,137.666,146.58,157.805,171.623,162.598,170.851,162.296,177.372,184.858,188.67,198.298,206.671,188.097,193.656,188.448,179.755,180.679,192.835,193.949,188.394,191.459,198.86
United States,Nonbank financial institutions’ assets to GDP (%),43.8055,43.1189,43.1573,44.0148,45.405,44.0083,41.4041,40.336,41.1479,41.0943,40.3242,41.5235,44.6834,44.7463,48.6099,52.1898,53.6289,58.0775,65.6892,71.1046,71.7841,75.1148,79.426,85.4249,90.7999,95.578,96.6983,101.478,108.077,114.223,123.313,133.786,133.959,134.136,132.641,134.455,141.943,144.447,148.572,153.938,155.21,154.29,153.273,151.485,149.748,154.585,158.779,155.574,155.01,160.033
United States,Bank non-performing loans to gross loans (%),..,..,..,..,..,..,..,..,..,..,..,..,..,..,..,..,..,..,..,..,..,..,..,..,..,..,..,..,..,..,1,1,1.1,1.3,1.4,1.1,0.8,0.7,0.8,1.4,3,5,4.38774,3.7815,3.31729,2.45239,1.85071,1.47343,1.32052,1.12682
United States,Bank cost to income ratio (%),..,..,..,..,..,..,..,..,..,..,..,..,..,..,..,..,..,..,..,..,..,..,..,..,..,..,..,..,62.3178,59.8671,61.8259,60.1097,60.5245,58.7394,55.9857,56.2563,58.377,57.9423,58.269,61.5933,63.6449,58.0399,58.1831,60.6937,60.967,60.0229,61.1562,59.0102,57.7119,57.4152
United States,Bank concentration (%),..,..,..,..,..,..,..,..,..,..,..,..,..,..,..,..,..,..,..,..,..,..,..,..,..,..,..,..,22.8557,20.1857,22.097,21.6266,21.443,23.1135,23.4422,23.3194,28.0598,29.9549,32.7963,34.0481,35.5118,35.0533,34.6153,35.6137,35.0806,35.0035,36.1351,34.8201,35.1197,34.8436
United States,"Bank branches per 100,000 adults",..,..,..,..,..,..,..,..,..,..,..,..,..,..,..,..,..,..,..,..,..,..,..,..,..,..,..,..,..,..,..,..,..,..,..,..,32.6939,33.2806,33.9407,34.767,35.1511,35.8981,35.4025,35.1283,34.8671,33.6059,32.3798,32.664,32.0697,31.1754
United Kingdom,Bank net interest margin (%),..,..,..,..,..,..,..,..,..,..,..,..,..,..,..,..,..,..,..,..,..,..,..,..,..,..,..,..,0.632252,1.80188,1.73276,1.3076,1.26021,0.953695,1.39655,1.88263,2.90799,1.33655,1.14347,0.895622,0.792272,0.306504,2.30645,1.79679,1.27346,1.57433,1.5932,1.72202,1.69051,2.60786
United Kingdom,Bank noninterest income to total income (%),..,..,..,..,..,..,..,..,..,..,..,..,..,..,..,..,..,..,..,..,..,..,..,..,..,..,..,..,63.045,70.5156,63.9373,70.1676,74.0788,74.9328,70.9961,62.9105,51.1535,54.9356,58.4288,56.0326,48.801,45.1631,46.8585,56.9474,54.7374,50.3776,44.5151,42.3915,43.624,38.6706
United Kingdom,Bank overhead costs to total assets (%),..,..,..,..,..,..,..,..,..,..,..,..,..,..,..,..,..,..,..,..,..,..,..,..,..,..,..,..,0.896472,3.14789,2.73321,1.84981,1.79665,2.16646,3.13814,2.86899,3.39037,1.63503,1.55223,1.11941,0.873372,0.36866,0.49084,0.80665,1.19152,1.03028,1.49937,1.59572,1.80967,2.36642
United Kingdom,"Bank return on assets (%, after tax)",..,..,..,..,..,..,..,..,..,..,..,..,..,..,..,..,..,..,..,..,..,..,..,..,..,..,..,..,1.06841,1.02481,1.06892,0.64494,1.29246,0.686222,0.952169,1.16188,1.89716,0.717337,0.631487,0.703691,0.123119,-0.046077,-0.012096,0.065278,-0.236045,0.188813,0.254615,0.472119,0.331406,0.411891
United Kingdom,"Bank return on equity (%, after tax)",..,..,..,..,..,..,..,..,..,..,..,..,..,..,..,..,..,..,..,..,..,..,..,..,..,..,..,..,20.9654,17.3424,17.9508,10.2365,18.0403,8.47257,9.89684,10.8149,34.4552,16.5489,17.4273,19.6889,4.02307,-1.54892,-0.294704,1.36683,-4.76888,3.78734,4.604,7.30623,4.02904,6.17358
United Kingdom,Bank Z-score,..,..,..,..,..,..,..,..,..,..,..,..,..,..,..,..,..,..,..,..,..,..,..,..,..,..,..,..,9.99645,10.5375,10.1762,11.6049,12.4282,14.9255,15.8996,18.8942,10.5512,6.65747,6.09078,6.41666,3.96931,5.23578,6.84337,7.33288,7.03362,7.74399,9.35074,12.769,12.7237,9.96343
United Kingdom,Boone indicator,..,..,..,..,..,..,..,..,..,..,..,..,..,..,..,..,..,..,..,..,..,..,..,..,..,..,..,..,..,..,..,-0.051877,-0.092171,-0.11266,-0.095252,-0.09777,-0.073076,-0.057215,-0.064636,-0.111221,-0.097722,-0.09507,-0.05588,-0.04097,-0.030189,-0.051907,-0.047057,..,..,..
United Kingdom,Debit card (% age 15+),..,..,..,..,..,..,..,..,..,..,..,..,..,..,..,..,..,..,..,..,..,..,..,..,..,..,..,..,..,..,..,..,..,..,..,..,..,..,..,..,..,..,..,87.5824,..,..,96.3728,..,..,91.454
United Kingdom,Credit card (% age 15+),..,..,..,..,..,..,..,..,..,..,..,..,..,..,..,..,..,..,..,..,..,..,..,..,..,..,..,..,..,..,..,..,..,..,..,..,..,..,..,..,..,..,..,51.5574,..,..,61.6869,..,..,65.3658
United Kingdom,Domestic credit to private sector (% of GDP),20.286,20.0005,19.816,20.7525,28.5509,33.5649,35.1995,28.3141,27.3619,26.0848,25.599,25.8619,26.2159,30.8601,34.0486,37.0723,42.2357,43.9062,77.6106,82.771,91.5754,102.93,104.806,102.334,101.678,99.8762,100.031,97.9444,100.936,102.538,103.272,106.699,115.912,121.566,125.764,130.316,138.155,144.154,154.746,170.715,192.845,193.889,187.047,172.235,162.588,151.25,136.851,132.291,133.832,135.406
United Kingdom,Nonbank financial institutions’ assets to GDP (%),..,..,..,..,..,..,..,..,..,..,..,..,..,..,..,..,..,..,..,..,..,..,..,..,..,..,..,..,..,..,..,..,..,..,..,..,..,..,..,..,..,..,..,..,..,..,..,..,..,..
United Kingdom,Bank non-performing loans to gross loans (%),..,..,..,..,..,..,..,..,..,..,..,..,..,..,..,..,..,..,..,..,..,..,..,..,..,..,..,..,..,..,3.2,3,2.5,2.6,2.6,2.5,1.9,1,0.9,0.9,1.6,3.5,3.95483,3.96187,3.58628,3.11174,1.65439,1.01451,0.940161,..
United Kingdom,Bank cost to income ratio (%),..,..,..,..,..,..,..,..,..,..,..,..,..,..,..,..,..,..,..,..,..,..,..,..,..,..,..,..,66.614,71.5896,68.3853,56.4103,48.2278,70.021,77.7119,64.1351,61.2474,58.4406,59.3538,57.339,62.1573,55.3973,56.2244,57.4083,65.7861,63.3929,68.2091,69.6718,70.2802,68.7274
United Kingdom,Bank concentration (%),..,..,..,..,..,..,..,..,..,..,..,..,..,..,..,..,..,..,..,..,..,..,..,..,..,..,..,..,65.6147,67.5334,64.1293,29.4408,33.8856,35.8535,36.4805,33.8377,65.4577,54.5774,54.2478,60.3753,63.8519,56.5882,56.4591,56.9112,54.4355,51.207,54.6531,51.4485,51.1186,49.1076
United Kingdom,"Bank branches per 100,000 adults",..,..,..,..,..,..,..,..,..,..,..,..,..,..,..,..,..,..,..,..,..,..,..,..,..,..,..,..,..,..,..,..,..,..,..,..,29.0259,28.3177,26.431,26.3839,26.034,25.4199,24.707,24.0646,22.088,25.1411,..,..,..,..
,,,,,,,,,,,,,,,,,,,,,,,,,,,,,,,,,,,,,,,,,,,,,,,,,,,
,,,,,,,,,,,,,,,,,,,,,,,,,,,,,,,,,,,,,,,,,,,,,,,,,,,
,,,,,,,,,,,,,,,,,,,,,,,,,,,,,,,,,,,,,,,,,,,,,,,,,,,
Data from database: Global Financial Development,,,,,,,,,,,,,,,,,,,,,,,,,,,,,,,,,,,,,,,,,,,,,,,,,,,
Last Updated: 10/30/2019,,,,,,,,,,,,,,,,,,,,,,,,,,,,,,,,,,,,,,,,,,,,,,,,,,,